Built,n,prop
3.4.3,8,0.05555555555555555
3.4.4,136,0.9444444444444444
